{"cameraMode":{"drawMode":0,"name":"Shaded","section":"Shading Mode"},"sceneLighting":true,"audioPlay":false,"sceneViewState":{"showFog":true,"showMaterialUpdate":false,"showSkybox":true,"showFlares":true,"showImageEffects":true,"showParticleSystems":true},"in2DMode":false,"pivot":{"x":593.8980102539063,"y":2.613142251968384,"z":295.6307373046875},"rotation":{"x":-0.050518784672021869,"y":-0.9480220079421997,"z":0.19137413799762727,"w":-0.24974238872528077},"size":41.077144622802737,"orthographic":false}