{"cameraMode":{"drawMode":0,"name":"Shaded","section":"Shading Mode"},"sceneLighting":false,"audioPlay":false,"sceneViewState":{"showFog":true,"showMaterialUpdate":false,"showSkybox":false,"showFlares":true,"showImageEffects":true,"showParticleSystems":true},"in2DMode":false,"pivot":{"x":553.5850219726563,"y":6.266861438751221,"z":314.9595947265625},"rotation":{"x":-0.01938890479505062,"y":0.9402944445610046,"z":-0.054866574704647067,"w":-0.33578675985336306},"size":33.504966735839847,"orthographic":false}